first_name,last_name,job_title,department,email,address,phone_number,salary,password
Michelle,Harrison,Printmaker,Homeopath,derekdiaz@example.net,Lewisberg,8907293859,27260,SPTc0yYM
James,Anderson,Occupational psychologist,Public relations officer,jennifercraig@example.net,Pinedabury,(334)859-6726,87914,gsZz8PxG
Carl,Perez,Ergonomist,Ergonomist,paulpatricia@example.net,East Paulview,5213680126,89821,2YbACicV
James,Bennett,Physiological scientist,Risk analyst,jillrandolph@example.com,West Garyburgh,(296)699-4609x483,2640,FGlPmw1C
Brian,Guerrero,Community education officer,Bonds trader,vharmon@example.org,Grahamland,001-690-348-7680x942,58625,wuOZrdDS
Eric,King,Museum/gallery curator,Technical brewer,kevinhoward@example.net,Lake Michelleshire,001-712-928-7366x16663,75561,r9fWtkKq
Dustin,Stephenson,"Accountant, chartered",Media buyer,kristadavis@example.com,West Alexborough,001-687-453-9746x14045,93494,v5kSv25q
Joseph,Bell,Customer service manager,"Teacher, primary school",ymills@example.org,Port Reginald,(479)616-7842x7408,56069,vcAe3Bjl
Anne,Hopkins,Cartographer,Clinical cytogeneticist,beverlyconley@example.com,North Ruben,952.361.0543,27719,em9CmO0d
Lauren,Smith,Fine artist,Youth worker,thomasbecker@example.org,Davidburgh,001-370-452-2035x19843,77045,ODAWAz87
